Departamento,MUNICIPIO
ANTIOQUIA,BELLO
ANTIOQUIA,BELLO
ANTIOQUIA,BARBOSA
ANTIOQUIA,BELLO
ANTIOQUIA,BELLO
ANTIOQUIA,CURRULAO
ANTIOQUIA,BELLO
ANTIOQUIA,BELLO
ANTIOQUIA,JERICO
ANTIOQUIA,TURBO
ANTIOQUIA,CHIGORODO
ANTIOQUIA,JERICO
ANTIOQUIA,BELLO
ANTIOQUIA,BELLO
ANTIOQUIA,BAGRE
ANTIOQUIA,JERICO
ANTIOQUIA,BELLO
ANTIOQUIA,APARTADO
ANTIOQUIA,MARINILLA
ANTIOQUIA,BELLO
ANTIOQUIA,Antioquia
ANTIOQUIA,BELLO
ANTIOQUIA,Antioquia 
ANTIOQUIA,LA ESTRELLA
ANTIOQUIA,BELLO
ANTIOQUIA,SAN JUAN DE URABÁ
ANTIOQUIA,BELLO
ANTIOQUIA,MARINILLA
ANTIOQUIA,EL BAGRE
ANTIOQUIA,BELLO
ANTIOQUIA,TURBO
ANTIOQUIA,BELLO
ANTIOQUIA,BELLO
ANTIOQUIA,HEMEPA 
ANTIOQUIA,CHIGORODO
ANTIOQUIA,LA ESTRELLA
ANTIOQUIA,BELLO
ANTIOQUIA,BELLO
ANTIOQUIA,BELLO
ANTIOQUIA,
ANTIOQUIA,BELLO
ANTIOQUIA,BELLO
ANTIOQUIA,BELLO
ANTIOQUIA,BELLO
ANTIOQUIA,BELLO
ANTIOQUIA,BELLO
ANTIOQUIA,BELLO
ANTIOQUIA,BELLO
ANTIOQUIA,
ANTIOQUIA,BELLO
ANTIOQUIA,BELLO
ANTIOQUIA,BELLO
ANTIOQUIA,TURBO
ANTIOQUIA,TURBO
ANTIOQUIA,CHIGORODO
ANTIOQUIA,BELLO
ANTIOQUIA,BELLO
ANTIOQUIA,BELLO
ANTIOQUIA,RIONEGRO 
ANTIOQUIA,APARTADO
ANTIOQUIA,CAREPA 
ANTIOQUIA,BELLO
ANTIOQUIA,BELLO
ANTIOQUIA,BELLO
ANTIOQUIA,APARTADO
ANTIOQUIA,CHIGORODO
ANTIOQUIA,MUTATA 
ANTIOQUIA,TURBO
ANTIOQUIA,CURRULAO
ANTIOQUIA,PEQUE
ANTIOQUIA,BELLO
ANTIOQUIA,PEQUE
ANTIOQUIA,APARTADO
ANTIOQUIA,BELLO
ANTIOQUIA,BELLO
ANTIOQUIA,BELLO
ANTIOQUIA,BELLO
ANTIOQUIA,BARBOSA
ANTIOQUIA,JERICO
ANTIOQUIA,BELLO
ANTIOQUIA,CHIGORODO
ANTIOQUIA,BELLO
ANTIOQUIA,BELLO
ANTIOQUIA,BELLO
ANTIOQUIA,BELLO
ANTIOQUIA,SOPETRÁN
ANTIOQUIA,MUTATA 
ANTIOQUIA,BELLO
ANTIOQUIA,BELLO
ANTIOQUIA,BELLO
ANTIOQUIA,BELLO
ANTIOQUIA,BELLO
ANTIOQUIA,BELLO
ANTIOQUIA,BELLO
ANTIOQUIA,BELLO
ANTIOQUIA,BELLO
ANTIOQUIA,BELLO
ANTIOQUIA,BELLO
ANTIOQUIA,BELLO
ANTIOQUIA,BELLO
ANTIOQUIA,BELLO
ANTIOQUIA,BELLO
ANTIOQUIA,BELLO
ANTIOQUIA,BELLO
ANTIOQUIA,BELLO
ANTIOQUIA,BELLO
ANTIOQUIA,BELLO
ANTIOQUIA,BELLO
ANTIOQUIA,BELLO
ANTIOQUIA,BELLO
ANTIOQUIA,PUERTO NARE 
ANTIOQUIA,BELLO
ANTIOQUIA,BELLO
ANTIOQUIA,BELLO
ANTIOQUIA,SAN RAFAEL
ANTIOQUIA,BELLO
ANTIOQUIA,BELLO
ANTIOQUIA,BELLO
ANTIOQUIA,APARTADO
ANTIOQUIA,BELLO
ANTIOQUIA,BELLO
ANTIOQUIA,BELLO
ANTIOQUIA,BELLO
ANTIOQUIA,CAREPA 
ANTIOQUIA,CHIGORODO
ANTIOQUIA,CHIGORODO
ANTIOQUIA,Bello
ANTIOQUIA,Marinilla 
ANTIOQUIA,TURBO
ANTIOQUIA,BELLO
ANTIOQUIA,Maceo
ANTIOQUIA,BELLO
ANTIOQUIA,SOPETRÁN
ANTIOQUIA,BELLO
ANTIOQUIA,BELLO
ANTIOQUIA,MACEO
ANTIOQUIA,Bello 
ANTIOQUIA,CHIGORODO
ANTIOQUIA,BELLO
ANTIOQUIA,CHIGORODO
ANTIOQUIA,CHIGORODO
ANTIOQUIA,BELLO
ANTIOQUIA,BELLO
ANTIOQUIA,BELLO
ANTIOQUIA,BELLO
ANTIOQUIA,BELLO
ANTIOQUIA,BELLO
ANTIOQUIA,BELLO
ANTIOQUIA,BELLO
ANTIOQUIA,BELLO
ANTIOQUIA,BELLO
ANTIOQUIA,BELLO
ANTIOQUIA,JERICO
ANTIOQUIA,BELLO
ANTIOQUIA,BELLO
ANTIOQUIA,BELLO
ANTIOQUIA,BELLO
ANTIOQUIA,BELLO
ANTIOQUIA,BELLO
ANTIOQUIA,BELLO
ANTIOQUIA,CHIGORODO
ANTIOQUIA,CHIGORODO
ANTIOQUIA,CHIGORODO
ANTIOQUIA,CHIGORODO
ANTIOQUIA,BELLO
ANTIOQUIA,BELLO
ANTIOQUIA,BELLO
ANTIOQUIA,BELLO
ANTIOQUIA,BELLO
ANTIOQUIA,BELLO
ANTIOQUIA,PEQUE
ANTIOQUIA,BELLO
ANTIOQUIA,BELLO
ANTIOQUIA,BELLO
ANTIOQUIA,BELLO
ANTIOQUIA,BELLO
ANTIOQUIA,CURRULAO
ANTIOQUIA,Bello
ANTIOQUIA,APARTADO
ANTIOQUIA,BELLO
ANTIOQUIA,TURBO
ANTIOQUIA,CHIGORODO
ANTIOQUIA,BELLO
ANTIOQUIA,LA ESTRELLA
ANTIOQUIA,CHIGORODO
ANTIOQUIA,BELLO
ANTIOQUIA,GIRARDOTA
ANTIOQUIA,TURBO
ANTIOQUIA,BELLO
ANTIOQUIA,BELLO
ANTIOQUIA,BELLO
ANTIOQUIA,LA ESTRELLA
ANTIOQUIA,BELLO
ANTIOQUIA,TURBO
ANTIOQUIA,BELLO
ANTIOQUIA,BARBOSA
ANTIOQUIA,BELLO
ANTIOQUIA,BELLO
ANTIOQUIA,BELLO
ANTIOQUIA,ENVIGADO
ANTIOQUIA,APARTADO
ANTIOQUIA,COPACABANA
ANTIOQUIA,MUTATA 
ANTIOQUIA,APARTADO
ANTIOQUIA,APARTADO
ANTIOQUIA,BELLO
ANTIOQUIA,BELLO
ANTIOQUIA,CHIGORODO
ANTIOQUIA,BELLO
ANTIOQUIA,PEQUE
ANTIOQUIA,APARTADO
ANTIOQUIA,CURRULAO
ANTIOQUIA,TURBO
ANTIOQUIA,TURBO
ANTIOQUIA,BELLO
ANTIOQUIA,TURBO
ANTIOQUIA,APARTADO
ANTIOQUIA,BARBOSA
ANTIOQUIA,BELLO
ANTIOQUIA,BELLO
ANTIOQUIA,CHIGORODO
ANTIOQUIA,Bello
ANTIOQUIA,BELLO
ANTIOQUIA,COPACABANA
ANTIOQUIA,COPACABANA
ANTIOQUIA,BELLO
ANTIOQUIA,BELLO
ANTIOQUIA,BELLO
ANTIOQUIA,COPACABANA
ANTIOQUIA,BELLO
ANTIOQUIA,BELLO
ANTIOQUIA,GUARNE 
ANTIOQUIA,BELLO
ANTIOQUIA,BELLO
ANTIOQUIA,BELLO
ANTIOQUIA,Bello
ANTIOQUIA,COPACABANA
ANTIOQUIA,BELLO
ANTIOQUIA,BELLO
ANTIOQUIA,BELLO
ANTIOQUIA,BELLO
ANTIOQUIA,BELLO
ANTIOQUIA,BELLO
ANTIOQUIA,BELLO
ANTIOQUIA,BELLO
ANTIOQUIA,BELLO
ANTIOQUIA,BELLO
ANTIOQUIA,APARTADO
ANTIOQUIA,BELLO
ANTIOQUIA,BELLO
ANTIOQUIA,BELLO
ANTIOQUIA,BELLO
ANTIOQUIA,COPACABANA
ANTIOQUIA,APARTADO
ANTIOQUIA,BELLO
ANTIOQUIA,Bello 
ANTIOQUIA,BELLO
ANTIOQUIA,BELLO
ANTIOQUIA,BELLO
ANTIOQUIA,BELLO
ANTIOQUIA,BELLO
ANTIOQUIA,LA ESTRELLA
ANTIOQUIA,APARTADO
ANTIOQUIA,CHIGORODO
ANTIOQUIA,BELLO
ANTIOQUIA,BELLO
ANTIOQUIA,BELLO
ANTIOQUIA,ITAGÜÍ
ANTIOQUIA,BELLO
ANTIOQUIA,BELLO
ANTIOQUIA,BELLO
ANTIOQUIA,BELLO
ANTIOQUIA,BELLO
ANTIOQUIA,BELLO
ANTIOQUIA,CALDAS
ANTIOQUIA,FREDONIA
ANTIOQUIA,BELLO
ANTIOQUIA,BELLO
ANTIOQUIA,BELLO
ANTIOQUIA,BELLO
ANTIOQUIA,BELLO
ANTIOQUIA,BELLO
ANTIOQUIA,Bello 
ANTIOQUIA,BELLO
ANTIOQUIA,BELLO
ANTIOQUIA,BELLO
ANTIOQUIA,BELLO
ANTIOQUIA,BELLO
ANTIOQUIA,BELLO
ANTIOQUIA,BELLO
ANTIOQUIA,BELLO
ANTIOQUIA,BELLO
ANTIOQUIA,BELLO
ANTIOQUIA,BELLO
ANTIOQUIA,BELLO
ANTIOQUIA,BELLO
ANTIOQUIA,BELLO
ANTIOQUIA,BELLO
ANTIOQUIA,ITAGÜÍ
ANTIOQUIA,TURBO
ANTIOQUIA,BELLO
ANTIOQUIA,BELLO
ANTIOQUIA,BELLO
ANTIOQUIA,BELLO
ANTIOQUIA,BELLO
ANTIOQUIA,APARTADO
ANTIOQUIA,BELLO
ANTIOQUIA,TURBO
ANTIOQUIA,BELLO
ANTIOQUIA,BELLO
ANTIOQUIA,BELLO
ANTIOQUIA,BELLO
ANTIOQUIA,BELLO
ANTIOQUIA,BELLO
ANTIOQUIA,BELLO
ANTIOQUIA,BELLO
ANTIOQUIA,BELLO
ANTIOQUIA,BELLO
ANTIOQUIA,GUARNE 
ANTIOQUIA,JERICO
ANTIOQUIA,BELLO
ANTIOQUIA,ENVIGADO 
ANTIOQUIA,BELLO
ANTIOQUIA,BELLO
ANTIOQUIA,SANTO DOMINGO
ANTIOQUIA,BELLO
ANTIOQUIA,BELLO
ANTIOQUIA,CAREPA 
ANTIOQUIA,BELLO
ANTIOQUIA,BELLO
ANTIOQUIA,BELLO
ANTIOQUIA,ITAGÜÍ
ANTIOQUIA,N. BELEN  
ANTIOQUIA,APARTADO
ANTIOQUIA,BELLO
ANTIOQUIA,BELLO
ANTIOQUIA,BELLO
ANTIOQUIA,BELLO
ANTIOQUIA,Bello 
ANTIOQUIA,BELLO
ANTIOQUIA,BELLO
ANTIOQUIA,BELLO
ANTIOQUIA,SABANETA
ANTIOQUIA,CURRULAO
ANTIOQUIA,BELLO
ANTIOQUIA,BELLO
ANTIOQUIA,BELLO
ANTIOQUIA,BELLO
ANTIOQUIA,APARTADO
ANTIOQUIA,ITAGÜÍ
ANTIOQUIA,BELLO
ANTIOQUIA,BELLO
ANTIOQUIA,APARTADO
ANTIOQUIA,TÁMESIS
ANTIOQUIA,BELLO
ANTIOQUIA,CAROLINA DEL PRÍNCIPE
ANTIOQUIA,BELLO
ANTIOQUIA,BELLO
ANTIOQUIA,BELLO
ANTIOQUIA,BELLO
ANTIOQUIA,BELLO
ANTIOQUIA,BELLO
ANTIOQUIA,BELLO
ANTIOQUIA,BELLO
ANTIOQUIA,BELLO
ANTIOQUIA,BELLO
ANTIOQUIA,BELLO
ANTIOQUIA,BELLO
ANTIOQUIA,BELLO
ANTIOQUIA,BELLO
ANTIOQUIA,BELLO
ANTIOQUIA,BELLO
ANTIOQUIA,BELLO
ANTIOQUIA,BARBOSA
ANTIOQUIA,BELLO
ANTIOQUIA,BELLO
ANTIOQUIA,DON MATIAS
ANTIOQUIA,CHIGORODO
ANTIOQUIA,CAREPA 
ANTIOQUIA,N/A
ANTIOQUIA,BELLO
ANTIOQUIA,APARTADO
ANTIOQUIA,SAN RAFAEL 
ANTIOQUIA,APARTADO
ANTIOQUIA,BELLO
ANTIOQUIA,BELLO
ANTIOQUIA,TURBO
ANTIOQUIA,La Estrella
ANTIOQUIA,BELLO
ANTIOQUIA,BELLO
ANTIOQUIA,BELLO
ANTIOQUIA,APARTADO
ANTIOQUIA,BELLO
ANTIOQUIA,APARTADO
ANTIOQUIA,BELLO
ANTIOQUIA,JERICO
ANTIOQUIA,LA ESTRELLA
ANTIOQUIA,BELLO
ANTIOQUIA,DABEIBA
ANTIOQUIA,TURBO
ANTIOQUIA,BARBOSA
ANTIOQUIA,BARBOSA 
ANTIOQUIA,DON MATIAS
ANTIOQUIA,BARBOSA
ANTIOQUIA,BELLO
ANTIOQUIA,Barbosa 
ANTIOQUIA,BARBOSA
ANTIOQUIA,SANTO DOMINGO
ANTIOQUIA,BARBOSA
ANTIOQUIA,BELLO
ANTIOQUIA,GIRARDOTA
ANTIOQUIA,SAN LUIS
ANTIOQUIA,BELLO
ANTIOQUIA,SAN JUAN DE URABÁ
ANTIOQUIA,BELLO
ANTIOQUIA,HELICONIA
ANTIOQUIA,Bello 
ANTIOQUIA,BELLO
ANTIOQUIA,CURRULAO
ANTIOQUIA,BELLO
ANTIOQUIA,BELLO
ANTIOQUIA,EL PEÑOL
ANTIOQUIA,Peñol
ANTIOQUIA,DON MATIAS
ANTIOQUIA,BELLO
ANTIOQUIA,SANTO DOMINGO
ANTIOQUIA,BELLO
ANTIOQUIA,BELLO
ANTIOQUIA,BELLO
ANTIOQUIA,BELLO
ANTIOQUIA,BELLO
ANTIOQUIA,BELLO
ANTIOQUIA,BELLO
ANTIOQUIA,Bello 
ANTIOQUIA,BELLO
ANTIOQUIA,APARTADO
ANTIOQUIA,APARTADO
ANTIOQUIA,APARTADO
ANTIOQUIA,BELLO
ANTIOQUIA,BELLO
ANTIOQUIA,BELLO
ANTIOQUIA,CAREPA 
ANTIOQUIA,BELLO
ANTIOQUIA,APARTADO
ANTIOQUIA,LA ESTRELLA
ANTIOQUIA,APARTADO
ANTIOQUIA,CAREPA 
ANTIOQUIA,CURRULAO
ANTIOQUIA,TURBO
ANTIOQUIA,TURBO
ANTIOQUIA,SAN RAFAEL
ANTIOQUIA,BELLO
ANTIOQUIA,BELLO
ANTIOQUIA,CURRULAO
ANTIOQUIA,Envigado 
ANTIOQUIA,BELLO
ANTIOQUIA,BELLO
ANTIOQUIA,JERICO
ANTIOQUIA,TURBO
ANTIOQUIA,ITAGÜÍ
ANTIOQUIA,TURBO
ANTIOQUIA,BELLO
ANTIOQUIA,Bello
ANTIOQUIA,SAN JOSE DE LA MONTAÑA
ANTIOQUIA,BELLO
ANTIOQUIA,BELLO
ANTIOQUIA,BELLO
ANTIOQUIA,BELLO
ANTIOQUIA,N/A
ANTIOQUIA,POLICARPA 
ANTIOQUIA,DON MATIAS
ANTIOQUIA,BELLO
ANTIOQUIA,APARTADO
ANTIOQUIA,BELLO
ANTIOQUIA,BELLO
ANTIOQUIA,MUTATA 
ANTIOQUIA,LA ESTRELLA
ANTIOQUIA,BELLO
ANTIOQUIA,PEQUE
ANTIOQUIA,BELLO
ANTIOQUIA,PEQUE
ANTIOQUIA,EL PEÑOL
ANTIOQUIA,CHIGORODO
ANTIOQUIA,TURBO
ANTIOQUIA,CAROLINA DEL PRÍNCIPE
ANTIOQUIA,BELLO
ANTIOQUIA,LA ESTRELLA
ANTIOQUIA,CHIGORODO
ANTIOQUIA,BELLO
ANTIOQUIA,CAUCASIA
ANTIOQUIA,BELLO
ANTIOQUIA,BELLO
ANTIOQUIA,CHIGORODO
ANTIOQUIA,CHIGORODO
ANTIOQUIA,BELLO
ANTIOQUIA,GIRARDOTA
ANTIOQUIA,APARTADO
ANTIOQUIA,BELLO
ANTIOQUIA,APARTADO
ANTIOQUIA,APARTADO
ANTIOQUIA,PEQUE
ANTIOQUIA,RIOACHA
ANTIOQUIA,LA ESTRELLA
ANTIOQUIA,DON MATIAS
ANTIOQUIA,BELLO
ANTIOQUIA,SANTO DOMINGO
ANTIOQUIA,BELLO
ANTIOQUIA,BELLO
ANTIOQUIA,BELLO
ANTIOQUIA,BELLO
ANTIOQUIA,BELLO
ANTIOQUIA,BELLO
ANTIOQUIA,BELLO
ANTIOQUIA,BARBOSA
ANTIOQUIA,BELLO
ANTIOQUIA,PUERTO NARE
ANTIOQUIA,LA ESTRELLA
ANTIOQUIA,ENVIGADO
ANTIOQUIA,TURBO
ANTIOQUIA,La estrella
ANTIOQUIA,TURBO
ANTIOQUIA,Envigado 
ANTIOQUIA,N/A
ANTIOQUIA,BELLO
ANTIOQUIA,BELLO
ANTIOQUIA,BELLO
ANTIOQUIA,BELLO
ANTIOQUIA,BELLO
ANTIOQUIA,BELLO
ANTIOQUIA,BELLO
ANTIOQUIA,BELLO
ANTIOQUIA,BELLO
ANTIOQUIA,BELLO
ANTIOQUIA,BELLO
ANTIOQUIA,BELLO
ANTIOQUIA,COPACABANA
ANTIOQUIA,CHIGORODO
ANTIOQUIA,CHIGORODO
ANTIOQUIA,CHIGORODO
ANTIOQUIA,ITAGÜÍ
ANTIOQUIA,BELLO
ANTIOQUIA,BELLO
ANTIOQUIA,Marinilla 
ANTIOQUIA,BELLO
ANTIOQUIA,Ebejico 
ANTIOQUIA,BELLO
ANTIOQUIA,BELLO
ANTIOQUIA,BELLO
ANTIOQUIA,Bello
ANTIOQUIA,BELLO
ANTIOQUIA,BELLO
ANTIOQUIA,BELLO
ANTIOQUIA,BELLO
ANTIOQUIA,BELLO
ANTIOQUIA,BELLO
ANTIOQUIA,BELLO
ANTIOQUIA,BELLO
ANTIOQUIA,APARTADO
ANTIOQUIA,BELLO
ANTIOQUIA,BARBOSA
ANTIOQUIA,BELLO
ANTIOQUIA,APARTADO
ANTIOQUIA,BELLO
ANTIOQUIA,BELLO
ANTIOQUIA,BELLO
ANTIOQUIA,PUERTO BERRÍO
ANTIOQUIA,Bello
ANTIOQUIA,SANTA ANA MOCHACA 
ANTIOQUIA,BELLO
ANTIOQUIA,BELLO
ANTIOQUIA,BELLO
ANTIOQUIA,BELLO
ANTIOQUIA,BELLO
ANTIOQUIA,BELLO
ANTIOQUIA,BELLO
ANTIOQUIA,BELLO
ANTIOQUIA,BELLO
ANTIOQUIA,BELLO
ANTIOQUIA,ANGOSTURA 
ANTIOQUIA,ANGOSTURA
ANTIOQUIA,ANGOSTURA
ANTIOQUIA,"ANTO RHIN, ANGOSTURA"
ANTIOQUIA,ANGOSTURA 
ANTIOQUIA,BELLO
ANTIOQUIA,BELLO
ANTIOQUIA,COPACABANA
ANTIOQUIA,COPACABANA
ANTIOQUIA,BELLO
ANTIOQUIA,BELLO
ANTIOQUIA,BELLO
ANTIOQUIA,COPACABANA
ANTIOQUIA,BELLO
ANTIOQUIA,CHIGORODO
ANTIOQUIA,TURBO
ANTIOQUIA,CHIGORODO
ANTIOQUIA,BELLO
ANTIOQUIA,COPACABANA
ANTIOQUIA,TURBO
ANTIOQUIA,BELLO
ANTIOQUIA,COPACABANA
ANTIOQUIA,COPACABANA
ANTIOQUIA,COPACABANA
ANTIOQUIA,Copacabana 
ANTIOQUIA,Copacabana 
ANTIOQUIA,PEQUE
ANTIOQUIA,ARBOLETES 
ANTIOQUIA,GIRARDOTA
ANTIOQUIA,BELLO
ANTIOQUIA,GOMEZ PLATA
ANTIOQUIA,APARTADO
ANTIOQUIA,Pueblorrico 
ANTIOQUIA,Pueblorrico 
ANTIOQUIA,TURBO
ANTIOQUIA,BELLO
ANTIOQUIA,TURBO
ANTIOQUIA,ITAGÜÍ
ANTIOQUIA,N/A
ANTIOQUIA,Alejandria
ANTIOQUIA,SANTA BÁRBARA 
ANTIOQUIA,YARUMAL
ANTIOQUIA,CHIGORODO
ANTIOQUIA,BELLO
ANTIOQUIA,CORDOBA
ANTIOQUIA,BELLO
ANTIOQUIA,GOMEZ PLATA
ANTIOQUIA,GOMEZ PLATA
ANTIOQUIA,ITAGÜÍ
ANTIOQUIA,BELLO
ANTIOQUIA,Bello
ANTIOQUIA,BELLO
ANTIOQUIA,BELLO
ANTIOQUIA,BELLO
ANTIOQUIA,Girardota 
ANTIOQUIA,GUARNE
ANTIOQUIA,BELLO
ANTIOQUIA,APARTADO
ANTIOQUIA,BELLO
ANTIOQUIA,BELLO
ANTIOQUIA,ITAGÜÍ
ANTIOQUIA,CHIGORODO
ANTIOQUIA,CALDAS
ANTIOQUIA,APARTADO
ANTIOQUIA,CHIGORODO
ANTIOQUIA,APARTADO
ANTIOQUIA,CHIGORODO
ANTIOQUIA,SANTA ROSA DE OSOS
ANTIOQUIA,COPACABANA
ANTIOQUIA,LA ESTRELLA
ANTIOQUIA,BELLO
ANTIOQUIA,LA ESTRELLA
ANTIOQUIA,APARTADO
ANTIOQUIA,ITAGÜÍ
ANTIOQUIA,GIRARDOTA
ANTIOQUIA,APARTADO
ANTIOQUIA,APARTADO
ANTIOQUIA,DON MATIAS
ANTIOQUIA,BARBOSA
ANTIOQUIA,CASTILLA 
ANTIOQUIA,BELLO
ANTIOQUIA,BELLO
ANTIOQUIA,TURBO
ANTIOQUIA,Copacabana 
ANTIOQUIA,BELLO
ANTIOQUIA,BELLO
ANTIOQUIA,BELLO
ANTIOQUIA,ITAGÜÍ
ANTIOQUIA,COLON
ANTIOQUIA,BELLO
ANTIOQUIA,BELLO
ANTIOQUIA,LA ESTRELLA
ANTIOQUIA,BELLO
ANTIOQUIA,BELLO
ANTIOQUIA,BELLO
ANTIOQUIA,Manrique 
ANTIOQUIA,APARTADO
ANTIOQUIA,APARTADO
ANTIOQUIA,Bello
ANTIOQUIA,Sabaneta
ANTIOQUIA,BELLO
ANTIOQUIA,BELLO
ANTIOQUIA,BELLO
ANTIOQUIA,BELLO
ANTIOQUIA,Bello
ANTIOQUIA,BELLO
ANTIOQUIA,BELLO
ANTIOQUIA,BELLO
ANTIOQUIA,BELLO
ANTIOQUIA,BELLO
ANTIOQUIA,BELLO
ANTIOQUIA,BELLO
ANTIOQUIA,BELLO
ANTIOQUIA,APARTADO
ANTIOQUIA,BELLO
ANTIOQUIA,BELLO
ANTIOQUIA,BELLO
ANTIOQUIA,BELLO
ANTIOQUIA,BELLO
ANTIOQUIA,Bello
ANTIOQUIA,BELLO
ANTIOQUIA,Antioquia 
ANTIOQUIA,BELLO
ANTIOQUIA,BELLO
ANTIOQUIA,BELLO
ANTIOQUIA,BELLO
ANTIOQUIA,BELLO
ANTIOQUIA,BELLO
ANTIOQUIA,BELLO
ANTIOQUIA,BELLO
ANTIOQUIA,BELLO
ANTIOQUIA,BELLO
ANTIOQUIA,BELLO
ANTIOQUIA,BELLO
ANTIOQUIA,BELLO
ANTIOQUIA,BELLO
ANTIOQUIA,BELLO
ANTIOQUIA,BELLO
ANTIOQUIA,BELLO
ANTIOQUIA,BELLO
ANTIOQUIA,BELLO
ANTIOQUIA,BELLO
ANTIOQUIA,BELLO
ANTIOQUIA,BELLO
ANTIOQUIA,NECOCLI
ANTIOQUIA,BELLO
ANTIOQUIA,BELLO
ANTIOQUIA,BELLO
ANTIOQUIA,ITAGÜÍ
ANTIOQUIA,BELLO
ANTIOQUIA,BELLO
ANTIOQUIA,BELLO
ANTIOQUIA,BELLO
ANTIOQUIA,BELLO
ANTIOQUIA,BELLO
ANTIOQUIA,BELLO
ANTIOQUIA,BELLO
ANTIOQUIA,BELLO
ANTIOQUIA,BELLO
ANTIOQUIA,BELLO
ANTIOQUIA,BELLO
ANTIOQUIA,BELLO
ANTIOQUIA,BELLO
ANTIOQUIA,BELLO
ANTIOQUIA,BELLO
ANTIOQUIA,BELLO
ANTIOQUIA,BELLO
ANTIOQUIA,BELLO
ANTIOQUIA,BELLO
ANTIOQUIA,BELLO
ANTIOQUIA,ANGOSTURA 
ANTIOQUIA,ANGOSTURA
ANTIOQUIA,BELLO
ANTIOQUIA,BELLO
ANTIOQUIA,BELLO
ANTIOQUIA,ANGOSTURA
ANTIOQUIA,ANGOSTURA
ANTIOQUIA,ANGOSTURA 
ANTIOQUIA,ANGOSTURA
ANTIOQUIA,ANGOSTURA
ANTIOQUIA,COPACABANA
ANTIOQUIA,BELLO
ANTIOQUIA,BELLO
ANTIOQUIA,CALDAS
ANTIOQUIA,LA ESTRELLA
ANTIOQUIA,BELLO
ANTIOQUIA,LA ESPERANZA
ANTIOQUIA,BELLO
ANTIOQUIA,ApartadO 
ANTIOQUIA,TURBO
ANTIOQUIA,APARTADO
ANTIOQUIA,APARTADO
ANTIOQUIA,TURBO
ANTIOQUIA,APARTADO
ANTIOQUIA,CAREPA 
ANTIOQUIA,PEQUE
ANTIOQUIA,APARTADO
ANTIOQUIA,CHIGORODO
ANTIOQUIA,CHIGORODO
ANTIOQUIA,APARTADO
ANTIOQUIA,BELLO
ANTIOQUIA,CÁCERES
ANTIOQUIA,Cáceres 
ANTIOQUIA,BELLO
ANTIOQUIA,PEQUE
ANTIOQUIA,CALDAS
ANTIOQUIA,CHIGORODO
ANTIOQUIA,CHIGORODO
ANTIOQUIA,BELLO
ANTIOQUIA,COPACABANA
ANTIOQUIA,DON MATIAS
ANTIOQUIA,BARBOSA
ANTIOQUIA,BARBOSA
ANTIOQUIA,SANTO DOMINGO
ANTIOQUIA,CALLE ROBLES 
ANTIOQUIA,BARBOSA
ANTIOQUIA,Bello
ANTIOQUIA,COPACABANA
ANTIOQUIA,ITAGÜÍ
ANTIOQUIA,BELLO
ANTIOQUIA,BELLO
ANTIOQUIA,BELLO
ANTIOQUIA,CHIGORODO
ANTIOQUIA,COPACABANA
ANTIOQUIA,COPACABANA 
ANTIOQUIA,BELLO
ANTIOQUIA,BELLO
ANTIOQUIA,BELLO
ANTIOQUIA,BELLO
ANTIOQUIA,COPACABANA
ANTIOQUIA,PEQUE
ANTIOQUIA,Caucasia
ANTIOQUIA,PEQUE
ANTIOQUIA,GIRARDOTA
ANTIOQUIA,MUTATA 
ANTIOQUIA,COPACABANA
ANTIOQUIA,BELLO
ANTIOQUIA,BELLO
ANTIOQUIA,Girardota 
ANTIOQUIA,CHIGORODO
ANTIOQUIA,Bello
ANTIOQUIA,GUARNE
ANTIOQUIA,BELLO
ANTIOQUIA,BELLO
ANTIOQUIA,BELLO
ANTIOQUIA,PUERTO NARE
ANTIOQUIA,LA UNION
ANTIOQUIA,SAN RAFAEL
ANTIOQUIA,SAN RAFAEL
ANTIOQUIA,ITAGÜÍ
ANTIOQUIA,ITAGÜÍ
ANTIOQUIA,BELLO
ANTIOQUIA,LA ESTRELLA
ANTIOQUIA,ITAGÜÍ
ANTIOQUIA,ITAGÜÍ
ANTIOQUIA,Caldas Antioquia 
ANTIOQUIA,APARTADO
ANTIOQUIA,APARTADO
ANTIOQUIA,ITAGÜÍ
ANTIOQUIA,Itagüí 
ANTIOQUIA,ITAGÜÍ
ANTIOQUIA,SAN RAFAEL
ANTIOQUIA,BELLO
ANTIOQUIA,BELLO
ANTIOQUIA,MACEO
ANTIOQUIA,GOMEZ PLATA
ANTIOQUIA,TURBO
ANTIOQUIA,CAROLINA DEL PRÍNCIPE
ANTIOQUIA,BELLO
ANTIOQUIA,ENCISO 
ANTIOQUIA,Bello
ANTIOQUIA,BELLO
ANTIOQUIA,LA ESTRELLA
ANTIOQUIA,TURBO
ANTIOQUIA,JERICO
ANTIOQUIA,BELLO
ANTIOQUIA,CHIGORODO
ANTIOQUIA,GOMEZ PLATA
ANTIOQUIA,BELLO
ANTIOQUIA,CHIGORODO
ANTIOQUIA,APARTADO
ANTIOQUIA,N/A
ANTIOQUIA,CHIGORODO
ANTIOQUIA,CHIGORODO
ANTIOQUIA,CHIGORODO
ANTIOQUIA,CHIGORODO
ANTIOQUIA,CHIGORODO
ANTIOQUIA,N/A
ANTIOQUIA,ITAGÜÍ
ANTIOQUIA,CHIGORODO
ANTIOQUIA,BELLO
ANTIOQUIA,BARBOSA
ANTIOQUIA,JERICO
ANTIOQUIA,JERICO
ANTIOQUIA,CAREPA 
ANTIOQUIA,BELLO
ANTIOQUIA,BELLO
ANTIOQUIA,BELLO
ANTIOQUIA,BELLO
ANTIOQUIA,BELLO
ANTIOQUIA,BELLO
ANTIOQUIA,BELLO
ANTIOQUIA,BELLO
ANTIOQUIA,EL PEÑOL
ANTIOQUIA,SABANETA
ANTIOQUIA,Maceo ANTIOQUIA 
ANTIOQUIA,PUERTO BERRÍO
ANTIOQUIA,CHIGORODO
ANTIOQUIA,CAREPA
ANTIOQUIA,APARTADO
ANTIOQUIA,BELLO
ANTIOQUIA,BELLO
ANTIOQUIA,MUTATA 
ANTIOQUIA,BELLO
ANTIOQUIA,CAREPA 
ANTIOQUIA,CAREPA 
ANTIOQUIA,LA ESTRELLA
ANTIOQUIA,APARTADO
ANTIOQUIA,ITAGÜÍ
ANTIOQUIA,TURBO
ANTIOQUIA,MUTATA 
ANTIOQUIA,MUTATA 
ANTIOQUIA,BELLO
ANTIOQUIA,FREDONIA
ANTIOQUIA,BELLO
ANTIOQUIA,DON MATIAS
ANTIOQUIA,RIONEGRO
ANTIOQUIA,SANTA BÁRBARA 
ANTIOQUIA,SANTA BÁRBARA 
ANTIOQUIA,ANGOSTURA
ANTIOQUIA,SANTA BÁRBARA 
ANTIOQUIA,TURBO
ANTIOQUIA,Santa Rosa de Osos
ANTIOQUIA,El santuario
ANTIOQUIA,MARINILLA
ANTIOQUIA,NECOCLÍ
ANTIOQUIA,APARTADO
ANTIOQUIA,CURRULAO
ANTIOQUIA,APARTADO
ANTIOQUIA,APARTADO
ANTIOQUIA,APARTADO
ANTIOQUIA,TURBO
ANTIOQUIA,APARTADO
ANTIOQUIA,TURBO
ANTIOQUIA,CURRULAO
ANTIOQUIA,CURRULAO
ANTIOQUIA,Itagui
ANTIOQUIA,TURBO
ANTIOQUIA,Sabaneta 
ANTIOQUIA,VILLAVICENCIO
ANTIOQUIA,BELLO
ANTIOQUIA,BELLO
ANTIOQUIA,APARTADO
ANTIOQUIA,BELLO
ANTIOQUIA,BELLO
ANTIOQUIA,SOPETRÁN
ANTIOQUIA,CAUCASIA
ANTIOQUIA,ITAGÜÍ
ANTIOQUIA,CÁCERES
ANTIOQUIA,N/A
ANTIOQUIA,TURBO
ANTIOQUIA,ENVIGADO 
ANTIOQUIA,BELLO
ANTIOQUIA,BELLO
ANTIOQUIA,CHIGORODO
ANTIOQUIA,BELLO
ANTIOQUIA,CHIGORODO
ANTIOQUIA,BELLO
ANTIOQUIA,BELLO
ANTIOQUIA,BELLO
ANTIOQUIA,APARTADO
ANTIOQUIA,BELLO
ANTIOQUIA,CHARALÁ 
ANTIOQUIA,APARTADO
ANTIOQUIA,SANTANDER
ANTIOQUIA,BELLO
ANTIOQUIA,Antioquia 
ANTIOQUIA,BELLO
ANTIOQUIA,TURBO
ANTIOQUIA,N/A
ANTIOQUIA,APARTADO
ANTIOQUIA,N/A
ANTIOQUIA,LA ESTRELLA
ANTIOQUIA,BELLO
ANTIOQUIA,SAN CRISTOBAL
ANTIOQUIA,SANTA CRUZ LA ROSA PARTE BAJA
ANTIOQUIA,BELLO
ANTIOQUIA,APARTADO
ANTIOQUIA,BELLO
ANTIOQUIA,BELLO
ANTIOQUIA,APARTADO
ANTIOQUIA,APARTADO
ANTIOQUIA,BELLO
ANTIOQUIA,BELLO
ANTIOQUIA,Nuquí ChocO 
ANTIOQUIA,Bogotta 
ANTIOQUIA,BELLO
ANTIOQUIA,BELLO
ANTIOQUIA,TURBO
ANTIOQUIA,RIONEGRO
ANTIOQUIA,BELLO
ANTIOQUIA,San José de la montaña
ANTIOQUIA,CAMPAMENTO
ANTIOQUIA,BELLO
ANTIOQUIA,BELLO
ANTIOQUIA,BELLO
ANTIOQUIA,SAN LUIS  
ANTIOQUIA,CHIGORODO
ANTIOQUIA,BELLO
ANTIOQUIA,BELLO
ANTIOQUIA,CHIGORODO
ANTIOQUIA,BELLO
ANTIOQUIA,COPACABANA
ANTIOQUIA,CHIGORODO
ANTIOQUIA,Puerto Berrio
ANTIOQUIA,APARTADO
ANTIOQUIA,BELLO
ANTIOQUIA,CORDOBA
ANTIOQUIA,CHIGORODO
ANTIOQUIA,BELLO
ANTIOQUIA,APARTADO
ANTIOQUIA,APARTADO
ANTIOQUIA,BELLO
ANTIOQUIA,Bello
ANTIOQUIA,BELLO
ANTIOQUIA,BELLO
ANTIOQUIA,BELLO
ANTIOQUIA,BELLO
ANTIOQUIA,EL MORADO 
ANTIOQUIA,CHIGORODO
ANTIOQUIA,BELLO
ANTIOQUIA,BELLO
ANTIOQUIA,CAREPA
ANTIOQUIA,SOPETRÁN
ANTIOQUIA,BELLO
ANTIOQUIA,BELLO
ANTIOQUIA,COPACABANA
ANTIOQUIA,GIRARDOTA
ANTIOQUIA,BELLO
ANTIOQUIA,N/A
ANTIOQUIA,COPACABANA
ANTIOQUIA,CAUCASIA
ANTIOQUIA,RIONEGRO
ANTIOQUIA,BELLO
ANTIOQUIA,COPACABANA
ANTIOQUIA,JERICO
ANTIOQUIA,ITUANGO
ANTIOQUIA,COPACABANA
ANTIOQUIA,FRONTINO
ANTIOQUIA,RIONEGRO
ANTIOQUIA,MITÚ
ANTIOQUIA,COPACABANA
ANTIOQUIA,CAUCASIA
ANTIOQUIA,SANTO DOMINGO
ANTIOQUIA,APARTADO
ANTIOQUIA,SAN JOSE DE LA MONTAÑA
ANTIOQUIA,RIONEGRO
ANTIOQUIA,CAUCASIA
ANTIOQUIA,N/A
ANTIOQUIA,BELLO
ANTIOQUIA,BARBOSA
ANTIOQUIA,BELLO
ANTIOQUIA,MARINILLA
ANTIOQUIA,BARBOSA
ANTIOQUIA,BERRIO
ANTIOQUIA,BELLO
ANTIOQUIA,PUERTO NARE
ANTIOQUIA,N/A
ANTIOQUIA,SANTA ROSA DE OSOS
ANTIOQUIA,N/A
ANTIOQUIA,CAREPA
ANTIOQUIA,BELLO
ANTIOQUIA,SANTA FE DE ANTIOQUIA
ANTIOQUIA,CAUCASIA
ANTIOQUIA,BELLO
ANTIOQUIA,COPACABANA
ANTIOQUIA,BERRIO
ANTIOQUIA,BERRIO
ANTIOQUIA,APARTADO
ANTIOQUIA,BERRIO
ANTIOQUIA,ITAGÜÍ
ANTIOQUIA,BELLO
ANTIOQUIA,N/A
ANTIOQUIA,LA ESTRELLA
ANTIOQUIA,BERRIO
ANTIOQUIA,GIRARDOTA
ANTIOQUIA,TURBO
ANTIOQUIA,YARUMAL
ANTIOQUIA,CAUCASIA
ANTIOQUIA,BELLO
ANTIOQUIA,BELLO
ANTIOQUIA,CAUCASIA
ANTIOQUIA,N/A
ANTIOQUIA,N/A
ANTIOQUIA,CARAMANTA
ANTIOQUIA,BELLO
ANTIOQUIA,COCORNÁ
ANTIOQUIA,ALEJANDRÍA
ANTIOQUIA,ALEJANDRÍA
ANTIOQUIA,BELLO
ANTIOQUIA,GIRARDOTA
ANTIOQUIA,SAN JOSE DE LA MONTAÑA
ANTIOQUIA,N/A
ANTIOQUIA,ENVIGADO
ANTIOQUIA,ITAGÜÍ
ANTIOQUIA,APARTADO
ANTIOQUIA,APARTADO
ANTIOQUIA,BERRIO
ANTIOQUIA,BELLO
ANTIOQUIA,BELLO
ANTIOQUIA,YOLOMBO
ANTIOQUIA,ENTRERRIOS
ANTIOQUIA,JERICO
ANTIOQUIA,BELLO
ANTIOQUIA,CAUCASIA
ANTIOQUIA,CAUCASIA
ANTIOQUIA,N/A
ANTIOQUIA,N/A
ANTIOQUIA,ITAGÜÍ
ANTIOQUIA,BELLO
ANTIOQUIA,N/A
ANTIOQUIA,BELLO
ANTIOQUIA,BELLO
ANTIOQUIA,ITAGÜÍ
ANTIOQUIA,MACEO
ANTIOQUIA,BELLO
ANTIOQUIA,CAUCASIA
ANTIOQUIA,BERRIO
ANTIOQUIA,CAUCASIA
ANTIOQUIA,BELLO
ANTIOQUIA,SAN CARLOS
ANTIOQUIA,CAUCASIA
ANTIOQUIA,N/A
ANTIOQUIA,N/A
ANTIOQUIA,BELLO
ANTIOQUIA,CAUCASIA
ANTIOQUIA,BARBOSA
ANTIOQUIA,PEQUE
ANTIOQUIA,BERRIO
ANTIOQUIA,BELLO
ANTIOQUIA,BELLO
ANTIOQUIA,CAUCASIA
ANTIOQUIA,CAUCASIA
ANTIOQUIA,CAREPA
ANTIOQUIA,LA ESTRELLA
ANTIOQUIA,CAUCASIA
ANTIOQUIA,CAUCASIA
ANTIOQUIA,YOLOMBO
ANTIOQUIA,CAROLINA DEL PRÍNCIPE
ANTIOQUIA,BELLO
ANTIOQUIA,BELLO
ANTIOQUIA,BARBOSA
ANTIOQUIA,SANTA FE DE ANTIOQUIA
ANTIOQUIA,CAUCASIA
ANTIOQUIA,BERRIO
ANTIOQUIA,CARMEN DE CHUCURÍ
ANTIOQUIA,BELLO
ANTIOQUIA,BELLO
ANTIOQUIA,CAUCASIA
ANTIOQUIA,BELLO
ANTIOQUIA,LA ESTRELLA
ANTIOQUIA,CAROLINA DEL PRÍNCIPE
ANTIOQUIA,BELLO
ANTIOQUIA,BELLO
ANTIOQUIA,CAUCASIA
ANTIOQUIA,ITAGÜÍ
ANTIOQUIA,N/A
ANTIOQUIA,TITIRIBÍ
ANTIOQUIA,BELLO
ANTIOQUIA,RIONEGRO
ANTIOQUIA,APARTADO
ANTIOQUIA,N/A
ANTIOQUIA,BELLO
ANTIOQUIA,N/A
ANTIOQUIA,CAUCASIA
ANTIOQUIA,N/A
ANTIOQUIA,BELLO
ANTIOQUIA,BELLO
ANTIOQUIA,CAUCASIA
ANTIOQUIA,N/A
ANTIOQUIA,CAUCASIA
ANTIOQUIA,SANTUARIO
ANTIOQUIA,CISNEROS
ANTIOQUIA,CAUCASIA
ANTIOQUIA,CAUCASIA
ANTIOQUIA,BAGRE
ANTIOQUIA,MARINILLA
ANTIOQUIA,CAROLINA DEL PRÍNCIPE
ANTIOQUIA,BERRIO
ANTIOQUIA,BELLO
ANTIOQUIA,CAUCASIA
ANTIOQUIA,RIONEGRO
ANTIOQUIA,BARBOSA
ANTIOQUIA,BELLO
ANTIOQUIA,N/A
ANTIOQUIA,MONTELIBANO
ANTIOQUIA,GUARNE
ANTIOQUIA,APARTADO
ANTIOQUIA,CAUCASIA
ANTIOQUIA,N/A
ANTIOQUIA,CAREPA
ANTIOQUIA,N/A
ANTIOQUIA,COPACABANA
ANTIOQUIA,BELLO
ANTIOQUIA,N/A
ANTIOQUIA,ITAGÜÍ
ANTIOQUIA,BELLO
ANTIOQUIA,YARUMAL
ANTIOQUIA,CAUCASIA
ANTIOQUIA,GIRARDOTA
ANTIOQUIA,N/A
ANTIOQUIA,BELLO
ANTIOQUIA,BARBOSA
ANTIOQUIA,CAUCASIA
ANTIOQUIA,CAUCASIA
ANTIOQUIA,N/A
ANTIOQUIA,CAUCASIA
ANTIOQUIA,CONTRATACION
ANTIOQUIA,ITAGÜÍ
ANTIOQUIA,BARBOSA
ANTIOQUIA,ABRIAQUÍ
ANTIOQUIA,N/A
ANTIOQUIA,ENTRERRIOS
ANTIOQUIA,BELLO
ANTIOQUIA,ITUANGO
ANTIOQUIA,N/A
ANTIOQUIA,YARUMAL
ANTIOQUIA,N/A
ANTIOQUIA,CAUCASIA
ANTIOQUIA,BELLO
ANTIOQUIA,N/A
ANTIOQUIA,NUQUÍ
ANTIOQUIA,MARINILLA
ANTIOQUIA,BELLO
ANTIOQUIA,BELLO
ANTIOQUIA,PUERTO NARE
ANTIOQUIA,CAUCASIA
ANTIOQUIA,BELLO
ANTIOQUIA,MARINILLA
ANTIOQUIA,CAUCASIA
ANTIOQUIA,BELLO
ANTIOQUIA,JARDÍN
ANTIOQUIA,DABEIBA
ANTIOQUIA,SANTA FE DE ANTIOQUIA
ANTIOQUIA,COCORNÁ
ANTIOQUIA,N/A
ANTIOQUIA,N/A
ANTIOQUIA,N/A
ANTIOQUIA,N/A
ANTIOQUIA,CAUCASIA
ANTIOQUIA,SANTA ROSA DE OSOS
ANTIOQUIA,BELLO
ANTIOQUIA,AMALFI
ANTIOQUIA,N/A
ANTIOQUIA,CAUCASIA
ANTIOQUIA,MACEO
ANTIOQUIA,BELLO
ANTIOQUIA,BARBOSA
ANTIOQUIA,BERRIO
ANTIOQUIA,ENVIGADO
ANTIOQUIA,N/A
ANTIOQUIA,BELLO
ANTIOQUIA,SANTA FE DE ANTIOQUIA
ANTIOQUIA,N/A
ANTIOQUIA,SANTO DOMINGO
ANTIOQUIA,LA ESTRELLA 
ANTIOQUIA,BELLO
ANTIOQUIA,BELLO
ANTIOQUIA,COPACABANA 
ANTIOQUIA,PUERTO NARE
ANTIOQUIA,BELLO
ANTIOQUIA,BELLO
ANTIOQUIA,LA ESTRELLA
ANTIOQUIA,SALGAR
ANTIOQUIA,CÁCERES
ANTIOQUIA,SABANETA
ANTIOQUIA,BAGRE
ANTIOQUIA,CALDAS
ANTIOQUIA,SAN RAFAEL
ANTIOQUIA,ENVIGADO
ANTIOQUIA,BELLO
ANTIOQUIA,ITAGÜÍ
ANTIOQUIA,JERICO
ANTIOQUIA,ITAGÜÍ
ANTIOQUIA,MARINILLA
ANTIOQUIA,FREDONIA
ANTIOQUIA,COPACABANA
ANTIOQUIA,APARTADO
ANTIOQUIA,SAN RAFAEL
ANTIOQUIA,PUERTO NARE
ANTIOQUIA,LA ESTRELLA
ANTIOQUIA,BELLO
ANTIOQUIA,BELLO
ANTIOQUIA,BELLO
ANTIOQUIA,BELLO
ANTIOQUIA,BELLO
ANTIOQUIA,HELICONIA
ANTIOQUIA,SABANETA
ANTIOQUIA,SAN RAFAEL
ANTIOQUIA,DABEIBA
ANTIOQUIA,BELLO
ANTIOQUIA,PUERTO BERRÍO
ANTIOQUIA,BELLO
ANTIOQUIA,CALDAS
ANTIOQUIA,BELLO
ANTIOQUIA,BELLO
ANTIOQUIA,BELLO
ANTIOQUIA,JERICO
ANTIOQUIA,BELLO
ANTIOQUIA,SALGAR
ANTIOQUIA,JERICO
ANTIOQUIA,APARTADO
ANTIOQUIA,MARINILLA
ANTIOQUIA,BARBOSA
ANTIOQUIA,VIGIA DEL FUERTE
ANTIOQUIA,BAGRE
ANTIOQUIA,ENVIGADO
ANTIOQUIA,BELLO
ANTIOQUIA,BELLO
ANTIOQUIA,CAROLINA DEL PRÍNCIPE
ANTIOQUIA,PUERTO NARE
ANTIOQUIA,ENVIGADO
ANTIOQUIA,GIRARDOTA
ANTIOQUIA,CAUCASIA
ANTIOQUIA,BELLO
ANTIOQUIA,GIRARDOTA
ANTIOQUIA,COPACABANA
ANTIOQUIA,LA ESTRELLA
ANTIOQUIA,LA ESTRELLA
ANTIOQUIA,BELLO
ANTIOQUIA,SAN JOSE DE LA MONTAÑA
ANTIOQUIA,SABANETA
ANTIOQUIA,CHIGORODO
ANTIOQUIA,PUEBLO RICO
ANTIOQUIA,PEQUE
ANTIOQUIA,BELLO
ANTIOQUIA,BELLO
ANTIOQUIA,BELLO
ANTIOQUIA,BELLO
ANTIOQUIA,BELLO
ANTIOQUIA,BELLO
ANTIOQUIA,BELLO
ANTIOQUIA,BELLO
ANTIOQUIA,BELLO
ANTIOQUIA,BELLO
ANTIOQUIA,BELLO
ANTIOQUIA,LA ESTRELLA
ANTIOQUIA,LA ESTRELLA
ANTIOQUIA,SAN RAFAEL 
ANTIOQUIA,LA ESTRELLA
ANTIOQUIA,N. BELEN  
ANTIOQUIA,LA ESTRELLA
ANTIOQUIA,APARTADO
ANTIOQUIA,CURRULAO
ANTIOQUIA,APARTADO
ANTIOQUIA,CURRULAO
ANTIOQUIA,APARTADO
ANTIOQUIA,TURBO
ANTIOQUIA,TURBO
ANTIOQUIA,APARTADO
ANTIOQUIA,TURBO
ANTIOQUIA,TURBO
ANTIOQUIA,MUTATA 
ANTIOQUIA,TURBO
ANTIOQUIA,APARTADO
ANTIOQUIA,TURBO
ANTIOQUIA,APARTADO
ANTIOQUIA,MUTATA 
ANTIOQUIA,APARTADO
ANTIOQUIA,CURRULAO
ANTIOQUIA,TURBO
ANTIOQUIA,TURBO
ANTIOQUIA,APARTADO
ANTIOQUIA,MUTATA 
ANTIOQUIA,E. MADRE LA 
ANTIOQUIA,CURRULAO
ANTIOQUIA,TURBO
ANTIOQUIA,TURBO
ANTIOQUIA,TURBO
ANTIOQUIA,CURRULAO
ANTIOQUIA,TURBO
ANTIOQUIA,TURBO
ANTIOQUIA,APARTADO
ANTIOQUIA,TURBO
ANTIOQUIA,TURBO
ANTIOQUIA,CURRULAO
ANTIOQUIA,TURBO
ANTIOQUIA,TURBO
ANTIOQUIA,TURBO
ANTIOQUIA,TURBO
ANTIOQUIA,TURBO
ANTIOQUIA,APARTADO
ANTIOQUIA,TURBO
ANTIOQUIA,TURBO
ANTIOQUIA,TURBO
ANTIOQUIA,APARTADO
ANTIOQUIA,APARTADO
ANTIOQUIA,TURBO
ANTIOQUIA,TURBO
ANTIOQUIA,TURBO
ANTIOQUIA,TURBO
ANTIOQUIA,CHIGORODO
ANTIOQUIA,TURBO
ANTIOQUIA,MUTATA 
ANTIOQUIA,APARTADO
ANTIOQUIA,APARTADO
ANTIOQUIA,TURBO
ANTIOQUIA,TURBO
ANTIOQUIA,TURBO
ANTIOQUIA,APARTADO
ANTIOQUIA,APARTADO
ANTIOQUIA,TURBO
ANTIOQUIA,TURBO
ANTIOQUIA,TURBO
ANTIOQUIA,CURRULAO
ANTIOQUIA,TURBO
ANTIOQUIA,TURBO
ANTIOQUIA,TURBO
ANTIOQUIA,APARTADO
ANTIOQUIA,APARTADO
ANTIOQUIA,TURBO
ANTIOQUIA,APARTADO
ANTIOQUIA,APARTADO
ANTIOQUIA,TURBO
ANTIOQUIA,APARTADO
ANTIOQUIA,TURBO
ANTIOQUIA,APARTADO
ANTIOQUIA,APARTADO
ANTIOQUIA,APARTADO
ANTIOQUIA,NECOCLÍ
ANTIOQUIA,APARTADO
ANTIOQUIA,APARTADO
ANTIOQUIA,CAREPA 
ANTIOQUIA,APARTADO
ANTIOQUIA,APARTADO
ANTIOQUIA,TURBO
ANTIOQUIA,APARTADO
ANTIOQUIA,CHIGORODO
ANTIOQUIA,CAREPA 
ANTIOQUIA,APARTADO
ANTIOQUIA,TURBO
ANTIOQUIA,APARTADO
ANTIOQUIA,APARTADO
ANTIOQUIA,CAREPA 
ANTIOQUIA,APARTADO
ANTIOQUIA,APARTADO
ANTIOQUIA,APARTADO
ANTIOQUIA,APARTADO
ANTIOQUIA,APARTADO
ANTIOQUIA,CAREPA 
ANTIOQUIA,APARTADO
ANTIOQUIA,APARTADO
ANTIOQUIA,APARTADO
ANTIOQUIA,APARTADO
ANTIOQUIA,CAREPA 
ANTIOQUIA,CAREPA 
ANTIOQUIA,SAN CARLOS
ANTIOQUIA,PEQUE
ANTIOQUIA,SAN LUIS
ANTIOQUIA,SAN LUIS
ANTIOQUIA,N/A
ANTIOQUIA,EL PEÑOL
ANTIOQUIA,GOMEZ PLATA
ANTIOQUIA,BELLO
ANTIOQUIA,COPACABANA
ANTIOQUIA,CONCEPCION
ANTIOQUIA,CONCEPCION
ANTIOQUIA,BELLO
ANTIOQUIA,BELLO
ANTIOQUIA,EL PEÑOL
ANTIOQUIA,BELLO
ANTIOQUIA,TITIRIBÍ
ANTIOQUIA,ITUANGO
ANTIOQUIA,N/A
ANTIOQUIA,ITUANGO
ANTIOQUIA,SEGOVIA
ANTIOQUIA,SEGOVIA
ANTIOQUIA,YOLOMBO
ANTIOQUIA,YOLOMBO
ANTIOQUIA,COPACABANA
ANTIOQUIA,TITIRIBÍ
ANTIOQUIA,VALDIVIA
ANTIOQUIA,LA UNION
ANTIOQUIA,TARAZÁ 
ANTIOQUIA,PEQUE
ANTIOQUIA,SABANETA
ANTIOQUIA,FREDONIA
ANTIOQUIA,SANTO DOMINGO
ANTIOQUIA,MARINILLA
ANTIOQUIA,BETANIA
ANTIOQUIA,LA CEJA
ANTIOQUIA,ANDES
ANTIOQUIA,ABEJORRAL
ANTIOQUIA,ARBOLETES
ANTIOQUIA,N/A
ANTIOQUIA,ABRIAQUÍ
ANTIOQUIA,HELICONIA
ANTIOQUIA,BELLO
ANTIOQUIA,YALÍ
ANTIOQUIA,SAN LUIS
ANTIOQUIA,TITIRIBÍ
ANTIOQUIA,YOLOMBO
ANTIOQUIA,SAN LUIS
ANTIOQUIA,CAROLINA DEL PRÍNCIPE
ANTIOQUIA,CAICEDO
ANTIOQUIA,SAN LUIS
ANTIOQUIA,NECHÍ
ANTIOQUIA,LA CEJA
ANTIOQUIA,SANTO DOMINGO
ANTIOQUIA,GUADALUPE
ANTIOQUIA,LA ESTRELLA
ANTIOQUIA,URRAO
ANTIOQUIA,VEGACHÍ
ANTIOQUIA,SABANETA
ANTIOQUIA,GIRALDO
ANTIOQUIA,ARGELIA
ANTIOQUIA,SAN FRANCISCO
ANTIOQUIA,BETANIA
ANTIOQUIA,GRANADA
ANTIOQUIA,YOLOMBO
ANTIOQUIA,TITIRIBÍ
ANTIOQUIA,ALEJANDRÍA
ANTIOQUIA,VALDIVIA
ANTIOQUIA,MACEO
ANTIOQUIA,SANTUARIO
ANTIOQUIA,VALDIVIA
ANTIOQUIA,EL BAGRE
ANTIOQUIA,BETANIA
ANTIOQUIA,SAN CARLOS
ANTIOQUIA,COPACABANA
ANTIOQUIA,N/A
ANTIOQUIA,BELLO
ANTIOQUIA,N/A
ANTIOQUIA,BELLO
ANTIOQUIA,SAN ROQUE
ANTIOQUIA,N/A
ANTIOQUIA,N/A
ANTIOQUIA,TÁMESIS
ANTIOQUIA,BELLO
ANTIOQUIA,MARINILLA
ANTIOQUIA,RIONEGRO
ANTIOQUIA,CAUCASIA
ANTIOQUIA,PEQUE
ANTIOQUIA,SAN PEDRO DE URABA
ANTIOQUIA,SAN CARLOS
ANTIOQUIA,VIGIA DEL FUERTE
ANTIOQUIA,RETIRO
ANTIOQUIA,APARTADO
ANTIOQUIA,RETIRO
ANTIOQUIA,GUARNE
ANTIOQUIA,N/A
ANTIOQUIA,PEQUE
ANTIOQUIA,SEGOVIA
ANTIOQUIA,BETANIA
ANTIOQUIA,AMAGÁ
ANTIOQUIA,RIONEGRO
ANTIOQUIA,LA UNION
ANTIOQUIA,DON MATIAS
ANTIOQUIA,REMEDIOS
ANTIOQUIA,BELLO
ANTIOQUIA,N/A
ANTIOQUIA,PEQUE
ANTIOQUIA,CAUCASIA
ANTIOQUIA,BARBOSA
ANTIOQUIA,TARAZÁ 
ANTIOQUIA,LA UNION
ANTIOQUIA,CHIGORODO
ANTIOQUIA,SAN VICENTE DE FERRER
ANTIOQUIA,TURBO
ANTIOQUIA,ARBOLETES
ANTIOQUIA,RETIRO
ANTIOQUIA,PUERTO NARE
ANTIOQUIA,BELLO
ANTIOQUIA,PEQUE
ANTIOQUIA,HELICONIA
ANTIOQUIA,CÁCERES
ANTIOQUIA,LA ESTRELLA
ANTIOQUIA,ANGELOPOLIS
ANTIOQUIA,SAN JUAN DE URABÁ
ANTIOQUIA,MACEO
ANTIOQUIA,PEQUE
ANTIOQUIA,BELLO
ANTIOQUIA,COPACABANA
ANTIOQUIA,BURITICÁ
ANTIOQUIA,VALDIVIA
ANTIOQUIA,N/A
ANTIOQUIA,EL BAGRE
ANTIOQUIA,PUERTO NARE
ANTIOQUIA,VIGIA DEL FUERTE
ANTIOQUIA,RIONEGRO
ANTIOQUIA,N/A
ANTIOQUIA,RIONEGRO
ANTIOQUIA,ANZÁ
ANTIOQUIA,CHIGORODO
ANTIOQUIA,ITUANGO
ANTIOQUIA,SANTA ROSA DE OSOS
ANTIOQUIA,SAN RAFAEL 
ANTIOQUIA,JARDÍN
ANTIOQUIA,N/A
ANTIOQUIA,SAN VICENTE DE FERRER
ANTIOQUIA,ZARAGOZA
ANTIOQUIA,RIONEGRO
ANTIOQUIA,CHIGORODO
ANTIOQUIA,URRAO
ANTIOQUIA,ALEJANDRÍA
ANTIOQUIA,SANTUARIO
ANTIOQUIA,SANTA BÁRBARA 
ANTIOQUIA,N/A
ANTIOQUIA,DON MATIAS
ANTIOQUIA,CÁCERES
ANTIOQUIA,N/A
ANTIOQUIA,AMALFI
ANTIOQUIA,ITAGÜÍ
ANTIOQUIA,CAÑASGORDAS
ANTIOQUIA,APARTADO
ANTIOQUIA,PEQUE
ANTIOQUIA,HELICONIA
ANTIOQUIA,ABEJORRAL
ANTIOQUIA,RIONEGRO
ANTIOQUIA,COPACABANA
ANTIOQUIA,GUARNE
ANTIOQUIA,SAN VICENTE DE FERRER
ANTIOQUIA,N/A
ANTIOQUIA,N/A
ANTIOQUIA,SOPETRÁN
ANTIOQUIA,URRAO
ANTIOQUIA,CAMPAMENTO
ANTIOQUIA,DON MATIAS
ANTIOQUIA,CALDAS
ANTIOQUIA,COCORNÁ
ANTIOQUIA,ANDES
ANTIOQUIA,BELLO
ANTIOQUIA,MARINILLA
ANTIOQUIA,CALDAS
ANTIOQUIA,VEGACHÍ
ANTIOQUIA,MACEO
ANTIOQUIA,BARBOSA
ANTIOQUIA,URRAO
ANTIOQUIA,RIONEGRO
ANTIOQUIA,COPACABANA
ANTIOQUIA,BETANIA
ANTIOQUIA,HELICONIA
ANTIOQUIA,SALGAR
ANTIOQUIA,LA ESTRELLA
ANTIOQUIA,SAN FRANCISCO
ANTIOQUIA,HISPANIA
ANTIOQUIA,CÁCERES
ANTIOQUIA,N/A
ANTIOQUIA,ANGELOPOLIS
ANTIOQUIA,YALÍ
ANTIOQUIA,AMALFI
ANTIOQUIA,N/A
ANTIOQUIA,BELLO
ANTIOQUIA,MONTEBELLO
ANTIOQUIA,COPACABANA
ANTIOQUIA,YARUMAL
ANTIOQUIA,ALEJANDRÍA
ANTIOQUIA,YARUMAL
ANTIOQUIA,AMAGÁ
ANTIOQUIA,FREDONIA
ANTIOQUIA,RETIRO
ANTIOQUIA,LA UNION
ANTIOQUIA,RETIRO
ANTIOQUIA,SAN RAFAEL
ANTIOQUIA,FRONTINO
ANTIOQUIA,GRANADA
ANTIOQUIA,BELMIRA
ANTIOQUIA,BELLO
ANTIOQUIA,PEQUE
ANTIOQUIA,N/A
ANTIOQUIA,SABANETA
ANTIOQUIA,N/A
ANTIOQUIA,DON MATIAS
ANTIOQUIA,BARBOSA
ANTIOQUIA,GRANADA
ANTIOQUIA,GOMEZ PLATA
ANTIOQUIA,NECOCLÍ
ANTIOQUIA,URRAO
ANTIOQUIA,CAREPA
ANTIOQUIA,N/A
ANTIOQUIA,YALÍ
ANTIOQUIA,BELLO
ANTIOQUIA,COPACABANA
ANTIOQUIA,YARUMAL
ANTIOQUIA,YARUMAL
ANTIOQUIA,GRANADA
ANTIOQUIA,ENVIGADO
ANTIOQUIA,CAÑASGORDAS
ANTIOQUIA,BARBOSA
ANTIOQUIA,ANZÁ
ANTIOQUIA,ITAGÜÍ
ANTIOQUIA,SOPETRÁN
ANTIOQUIA,VALPARAISO
ANTIOQUIA,BELLO
ANTIOQUIA,GIRARDOTA
ANTIOQUIA,ARBOLETES
ANTIOQUIA,SABANETA
ANTIOQUIA,PEQUE
ANTIOQUIA,APARTADO
ANTIOQUIA,N/A
ANTIOQUIA,YALÍ
ANTIOQUIA,VEGACHÍ
ANTIOQUIA,EL PEÑOL
ANTIOQUIA,ANORÍ
ANTIOQUIA,LA UNION
ANTIOQUIA,REMEDIOS
ANTIOQUIA,N/A
ANTIOQUIA,FREDONIA
ANTIOQUIA,SAN ROQUE
ANTIOQUIA,SAN JUAN DE URABÁ
ANTIOQUIA,COPACABANA
ANTIOQUIA,VALDIVIA
ANTIOQUIA,YOLOMBO
ANTIOQUIA,CAREPA
ANTIOQUIA,COPACABANA
ANTIOQUIA,EL BAGRE
ANTIOQUIA,ABRIAQUÍ
ANTIOQUIA,PUERTO NARE
ANTIOQUIA,MUTATA
ANTIOQUIA,BELLO
ANTIOQUIA,N/A
ANTIOQUIA,ITUANGO
ANTIOQUIA,GRANADA
ANTIOQUIA,DON MATIAS
ANTIOQUIA,ZARAGOZA
ANTIOQUIA,RIONEGRO
ANTIOQUIA,LA CEJA
ANTIOQUIA,ANZÁ
ANTIOQUIA,BARBOSA
ANTIOQUIA,COPACABANA
ANTIOQUIA,ITAGÜÍ
ANTIOQUIA,ARGELIA
ANTIOQUIA,YARUMAL
ANTIOQUIA,YALÍ
ANTIOQUIA,SAN CARLOS
ANTIOQUIA,SANTO DOMINGO
ANTIOQUIA,YARUMAL
ANTIOQUIA,BRICEÑO
ANTIOQUIA,SAN CARLOS
ANTIOQUIA,N/A
ANTIOQUIA,MONTEBELLO
ANTIOQUIA,PEQUE
ANTIOQUIA,SAN PEDRO DE URABA
ANTIOQUIA,LA CEJA
ANTIOQUIA,CAROLINA DEL PRÍNCIPE
ANTIOQUIA,CAÑASGORDAS
ANTIOQUIA,ALEJANDRÍA
ANTIOQUIA,ANGOSTURA
ANTIOQUIA,ALEJANDRÍA
ANTIOQUIA,GRANADA
ANTIOQUIA,SANTA FE DE ANTIOQUIA
ANTIOQUIA,HISPANIA
ANTIOQUIA,BOLIVAR
ANTIOQUIA,CISNEROS
ANTIOQUIA,BELLO
ANTIOQUIA,URRAO
ANTIOQUIA,ABRIAQUÍ
ANTIOQUIA,VIGIA DEL FUERTE
ANTIOQUIA,SAN VICENTE DE FERRER
ANTIOQUIA,BELMIRA
ANTIOQUIA,ABRIAQUÍ
ANTIOQUIA,SAN CARLOS
ANTIOQUIA,SAN LUIS
ANTIOQUIA,N/A
ANTIOQUIA,LIBORINA
ANTIOQUIA,RIONEGRO
ANTIOQUIA,ENVIGADO
ANTIOQUIA,LIBORINA
ANTIOQUIA,COPACABANA
ANTIOQUIA,RETIRO
ANTIOQUIA,GIRARDOTA
ANTIOQUIA,ALEJANDRÍA
ANTIOQUIA,RETIRO
ANTIOQUIA,SAN VICENTE DE FERRER
ANTIOQUIA,RETIRO
ANTIOQUIA,YARUMAL
ANTIOQUIA,NECHÍ
ANTIOQUIA,CAREPA
ANTIOQUIA,N/A
ANTIOQUIA,VALDIVIA
ANTIOQUIA,CAICEDO
ANTIOQUIA,JERICO
ANTIOQUIA,N/A
ANTIOQUIA,GRISALES
ANTIOQUIA,ANGOSTURA
ANTIOQUIA,SAN RAFAEL
ANTIOQUIA,SABANETA
ANTIOQUIA,N/A
ANTIOQUIA,MURINDO
ANTIOQUIA,PEQUE
ANTIOQUIA,BELLO
ANTIOQUIA,ANGELOPOLIS
ANTIOQUIA,MACEO
ANTIOQUIA,EL PEÑOL
ANTIOQUIA,ITAGÜÍ
ANTIOQUIA,FREDONIA
ANTIOQUIA,ANDES
ANTIOQUIA,EL BAGRE
ANTIOQUIA,SAN RAFAEL
ANTIOQUIA,GUATAPÉ
ANTIOQUIA,SANTA ROSA DE OSOS
ANTIOQUIA,FRONTINO
ANTIOQUIA,SEGOVIA
ANTIOQUIA,PLAYON
ANTIOQUIA,BELLO
ANTIOQUIA,BELLO
ANTIOQUIA,LA ESTRELLA
ANTIOQUIA,BELLO
ANTIOQUIA,BELLO
ANTIOQUIA,BELLO
ANTIOQUIA,BELLO
ANTIOQUIA,ABRIAQUÍ
ANTIOQUIA,COPACABANA
ANTIOQUIA,LA ESTRELLA
ANTIOQUIA,YARUMAL
ANTIOQUIA,BELLO
ANTIOQUIA,BELLO
ANTIOQUIA,ITAGÜÍ
ANTIOQUIA,BELLO
ANTIOQUIA,CAUCASIA
ANTIOQUIA,EL CARMEN DE VIBORAL
ANTIOQUIA,BELLO
ANTIOQUIA,ALEJANDRÍA
ANTIOQUIA,GUARNE
ANTIOQUIA,PEQUE
ANTIOQUIA,PEQUE
ANTIOQUIA,CALDAS
ANTIOQUIA,SAN FRANCISCO
ANTIOQUIA,BELLO
ANTIOQUIA,BELLO
ANTIOQUIA,PUERTO NARE
ANTIOQUIA,BELLO
ANTIOQUIA,BELLO
ANTIOQUIA,BELLO
ANTIOQUIA,BELLO
ANTIOQUIA,BELLO
ANTIOQUIA,ANGELOPOLIS
ANTIOQUIA,BELLO
ANTIOQUIA,BELLO
ANTIOQUIA,SAN FRANCISCO
ANTIOQUIA,BELLO
ANTIOQUIA,BELLO
ANTIOQUIA,REMEDIOS
ANTIOQUIA,SALGAR
ANTIOQUIA,BURITICÁ
ANTIOQUIA,BURITICÁ
ANTIOQUIA,N/A
ANTIOQUIA,LA CEJA DEL TAMBO
ANTIOQUIA,LA CEJA
ANTIOQUIA,BELLO
ANTIOQUIA,BELLO
ANTIOQUIA,BELLO
ANTIOQUIA,SANTA FE DE ANTIOQUIA
ANTIOQUIA,BELLO
ANTIOQUIA,N/A
ANTIOQUIA,SAN LUIS
ANTIOQUIA,BELLO
ANTIOQUIA,GIRALDO
ANTIOQUIA,GIRALDO
ANTIOQUIA,N/A
ANTIOQUIA,ARGELIA
ANTIOQUIA,ANORÍ
ANTIOQUIA,SAN FRANCISCO
ANTIOQUIA,EL RETIRO
ANTIOQUIA,FRONTINO
ANTIOQUIA,NECHÍ
ANTIOQUIA,LIBORINA
ANTIOQUIA,TITIRIBÍ
ANTIOQUIA,ITUANGO
ANTIOQUIA,ITAGÜÍ
ANTIOQUIA,EL RETIRO
ANTIOQUIA,TARAZÁ 
ANTIOQUIA,EL BAGRE
ANTIOQUIA,BELLO
ANTIOQUIA,SAN VICENTE DE FERRER
ANTIOQUIA,RIONEGRO
ANTIOQUIA,APARTADO
ANTIOQUIA,SANTO DOMINGO
ANTIOQUIA,NECOCLÍ
ANTIOQUIA,YOLOMBO
ANTIOQUIA,MARINILLA
ANTIOQUIA,PUERTO BERRÍO
ANTIOQUIA,HELICONIA
ANTIOQUIA,ITAGÜÍ
ANTIOQUIA,YARUMAL
ANTIOQUIA,CARAMANTA
ANTIOQUIA,COPACABANA
ANTIOQUIA,N/A
ANTIOQUIA,ALEJANDRÍA
ANTIOQUIA,BELLO
ANTIOQUIA,PUERTO BERRÍO
ANTIOQUIA,DON MATIAS
ANTIOQUIA,SANTA BÁRBARA 
ANTIOQUIA,ARBOLETES
ANTIOQUIA,SAN JOSE DE LA MONTAÑA
ANTIOQUIA,BELLO
ANTIOQUIA,ENVIGADO
ANTIOQUIA,CAREPA
ANTIOQUIA,APARTADO
ANTIOQUIA,BARBOSA
ANTIOQUIA,CHIGORODO
ANTIOQUIA,PUERTO BERRÍO
ANTIOQUIA,TURBO
ANTIOQUIA,TURBO
ANTIOQUIA,BELLO
ANTIOQUIA,BELLO
ANTIOQUIA,TURBO
ANTIOQUIA,ENTRERRIOS
ANTIOQUIA,AMALFI
ANTIOQUIA,HELICONIA
ANTIOQUIA,SANTA FE DE ANTIOQUIA
ANTIOQUIA,BELLO
ANTIOQUIA,GRANADA
ANTIOQUIA,BELLO
ANTIOQUIA,URRAO
ANTIOQUIA,TURBO
ANTIOQUIA,BURITICÁ
ANTIOQUIA,ITUANGO
ANTIOQUIA,PUERTO NARE
ANTIOQUIA,BELLO
ANTIOQUIA,GUADALUPE
ANTIOQUIA,GUARNE
ANTIOQUIA,SEGOVIA
ANTIOQUIA,BELLO
ANTIOQUIA,ABEJORRAL
ANTIOQUIA,CHIGORODO
ANTIOQUIA,EL RETIRO
ANTIOQUIA,ARBOLETES
ANTIOQUIA,HELICONIA
ANTIOQUIA,BELLO
ANTIOQUIA,SAN JUAN DE URABÁ
ANTIOQUIA,SAN LUIS
ANTIOQUIA,BELLO
ANTIOQUIA,CHIGORODO
ANTIOQUIA,BELLO
ANTIOQUIA,GUARNE
ANTIOQUIA,ZARAGOZA
ANTIOQUIA,SEGOVIA
ANTIOQUIA,APARTADO
ANTIOQUIA,CHIGORODO
ANTIOQUIA,SAN VICENTE DE FERRER
ANTIOQUIA,ALEJANDRÍA
ANTIOQUIA,N/A
ANTIOQUIA,RIONEGRO
ANTIOQUIA,COCORNÁ
ANTIOQUIA,N/A
ANTIOQUIA,YARUMAL
ANTIOQUIA,ITUANGO
ANTIOQUIA,HELICONIA
ANTIOQUIA,CISNEROS
ANTIOQUIA,SAN CARLOS
ANTIOQUIA,ANGOSTURA
ANTIOQUIA,HELICONIA
ANTIOQUIA,HELICONIA
ANTIOQUIA,ITUANGO
ANTIOQUIA,N/A
ANTIOQUIA,PUEBLO RICO
ANTIOQUIA,N/A
ANTIOQUIA,SAN CARLOS
ANTIOQUIA,CONCORDIA
ANTIOQUIA,GUARNE
ANTIOQUIA,URRAO
ANTIOQUIA,SAN ROQUE
ANTIOQUIA,SAN FRANCISCO
ANTIOQUIA,MARINILLA
ANTIOQUIA,PUERTO TRIUNFO
ANTIOQUIA,BELLO
ANTIOQUIA,BELLO
ANTIOQUIA,BELLO
ANTIOQUIA,AMALFI
ANTIOQUIA,BELLO
ANTIOQUIA,MONTEBELLO
ANTIOQUIA,EL CARMEN DE VIBORAL
ANTIOQUIA,PUERTO NARE
ANTIOQUIA,LA ESTRELLA
ANTIOQUIA,CAÑASGORDAS
ANTIOQUIA,LA UNION
ANTIOQUIA,EL SANTUARIO
ANTIOQUIA,BELLO
ANTIOQUIA,EL PEÑOL
ANTIOQUIA,ENVIGADO
ANTIOQUIA,N/A
ANTIOQUIA,EL SANTUARIO
ANTIOQUIA,BELLO
ANTIOQUIA,BELLO
ANTIOQUIA,BARBOSA
ANTIOQUIA,GOMEZ PLATA
ANTIOQUIA,SANTA FE DE ANTIOQUIA
ANTIOQUIA,EL BAGRE
ANTIOQUIA,EL RETIRO
ANTIOQUIA,APARTADO
ANTIOQUIA,SEGOVIA
ANTIOQUIA,ARBOLETES
ANTIOQUIA,BELLO
ANTIOQUIA,UBICAR
ANTIOQUIA,CAUCASIA
ANTIOQUIA,N/A
ANTIOQUIA,SAN ROQUE
ANTIOQUIA,GRANADA
ANTIOQUIA,ENVIGADO
ANTIOQUIA,ZARAGOZA
ANTIOQUIA,MARINILLA
ANTIOQUIA,TITIRIBÍ
ANTIOQUIA,ARBOLETES
ANTIOQUIA,ANDES
ANTIOQUIA,BELLO
ANTIOQUIA,ARBOLETES
ANTIOQUIA,ARBOLETES
ANTIOQUIA,YARUMAL
ANTIOQUIA,N/A
ANTIOQUIA,BELLO
ANTIOQUIA,TITIRIBÍ
ANTIOQUIA,ENTRERRIOS
ANTIOQUIA,BELLO
ANTIOQUIA,ARBOLETES
ANTIOQUIA,YARUMAL
ANTIOQUIA,BELLO
ANTIOQUIA,RIONEGRO
ANTIOQUIA,NECHÍ
ANTIOQUIA,N/A
ANTIOQUIA,BELLO
ANTIOQUIA,CAREPA
ANTIOQUIA,TITIRIBÍ
ANTIOQUIA,BELLO
ANTIOQUIA,PUERTO NARE
ANTIOQUIA,N/A
ANTIOQUIA,BELLO
ANTIOQUIA,SAN LUIS
ANTIOQUIA,ARGELIA
ANTIOQUIA,GOMEZ PLATA
ANTIOQUIA,BELLO
ANTIOQUIA,SAN RAFAEL
ANTIOQUIA,BELLO
ANTIOQUIA,BELLO
ANTIOQUIA,N/A
ANTIOQUIA,PUERTO BERRÍO
ANTIOQUIA,APARTADO
ANTIOQUIA,LA ESTRELLA
ANTIOQUIA,COCORNÁ
ANTIOQUIA,N/A
ANTIOQUIA,ABRIAQUÍ
ANTIOQUIA,APARTADO
ANTIOQUIA,PUERTO BERRÍO
ANTIOQUIA,N/A
ANTIOQUIA,CIUDAD BOLÍVAR
ANTIOQUIA,CAICEDO
ANTIOQUIA,SAN CARLOS
ANTIOQUIA,APARTADO
ANTIOQUIA,N/A
ANTIOQUIA,BELLO
ANTIOQUIA,BELLO
ANTIOQUIA,BELLO
ANTIOQUIA,PUERTO BERRÍO
ANTIOQUIA,BELLO
ANTIOQUIA,ALEJANDRÍA
ANTIOQUIA,CAUCASIA
ANTIOQUIA,N/A
ANTIOQUIA,BELLO
ANTIOQUIA,BELLO
ANTIOQUIA,LA ESTRELLA
ANTIOQUIA,AMALFI
ANTIOQUIA,ANORÍ
ANTIOQUIA,COCORNÁ
ANTIOQUIA,CONCEPCION
ANTIOQUIA,BELLO
ANTIOQUIA,BELLO
ANTIOQUIA,BELLO
ANTIOQUIA,PUERTO BERRÍO
ANTIOQUIA,BELLO
ANTIOQUIA,BURITICÁ
ANTIOQUIA,COPACABANA
ANTIOQUIA,FRONTINO
ANTIOQUIA,ITAGÜÍ
ANTIOQUIA,VEGACHÍ
ANTIOQUIA,CAROLINA DEL PRÍNCIPE
ANTIOQUIA,ANGELOPOLIS
ANTIOQUIA,YOLOMBO
ANTIOQUIA,PUEBLO RICO
ANTIOQUIA,URRAO
ANTIOQUIA,VEGACHÍ
ANTIOQUIA,MURINDO
ANTIOQUIA,ABRIAQUÍ
ANTIOQUIA,BELLO
ANTIOQUIA,HELICONIA
ANTIOQUIA,TURBO
ANTIOQUIA,SAN JOSE DE LA MONTAÑA
ANTIOQUIA,MARINILLA
ANTIOQUIA,TITIRIBÍ
ANTIOQUIA,EL SANTUARIO
ANTIOQUIA,COPACABANA
ANTIOQUIA,SABANETA
ANTIOQUIA,CAÑASGORDAS
ANTIOQUIA,BELLO
ANTIOQUIA,SABANETA
ANTIOQUIA,GIRARDOTA
ANTIOQUIA,ARBOLETES
ANTIOQUIA,PUERTO TRIUNFO
ANTIOQUIA,MACEO
ANTIOQUIA,BELLO
ANTIOQUIA,ITAGÜÍ
ANTIOQUIA,TURBO
ANTIOQUIA,DON MATIAS
ANTIOQUIA,TITIRIBÍ
ANTIOQUIA,BELLO
ANTIOQUIA,SANTA ROSA DE OSOS
ANTIOQUIA,AMALFI
ANTIOQUIA,TITIRIBÍ
ANTIOQUIA,ITAGÜÍ
ANTIOQUIA,CARACOLÍ
ANTIOQUIA,GUARNE
ANTIOQUIA,CÁCERES
ANTIOQUIA,TITIRIBÍ
ANTIOQUIA,N/A
ANTIOQUIA,N/A
ANTIOQUIA,N/A
ANTIOQUIA,N/A
ANTIOQUIA,BELLO
ANTIOQUIA,VENECIA
ANTIOQUIA,SANTA FE DE ANTIOQUIA
ANTIOQUIA,BELLO
Antioquia,BELLO
Antioquia,BELLO
ANTIOQUIA,BELLO
Antioquia,ITAGUI
Antioquia,SAN VICENTE
Antioquia,CACERES
Antioquia,BELLO
Antioquia,ENVIGADO
Antioquia,BELLO
Antioquia,BELLO
Antioquia,BELLO
Antioquia,CIUDAD BOLIVAR
Antioquia,BELLO
Antioquia,ENVIGADO
Antioquia,BARBOSA
Antioquia,BELLO
Antioquia,BELLO
Antioquia,ENVIGADO
Antioquia,BELLO
Antioquia,BELLO
Antioquia,SANTA FE DE ANTIOQUIA
Antioquia,Barbosa
ANTIOQUIA,BARBOSA
Antioquia,BARBOSA
Antioquia,BELLO
Antioquia,BARBOSA
Antioquia,FREDONIA
Antioquia,BARBOSA
Antioquia,ENVIGADO
ANTIOQUIA,LA ESTRELLA
Antioquia,BELLO
Antioquia,SABANETA
ANTIOQUIA,11
ANTIOQUIA,BELLO
Antioquia,GUARNE
Antioquia,SALGAR
Antioquia,BARBOSA
ANTIOQUIA,ENVIGADO
Antioquia,BELLO
Antioquia,BELLO
ANTIOQUIA,EL SANTUARIO
Antioquia,CALDAS
ANTIOQUIA,LA CEJA
Antioquia,BELLO
Antioquia,ITAGUI
ANTIOQUIA,SANTA ROSA DE OSOS
Antioquia,ENVIGADO
Antioquia,TITIRIBI
Antioquia,TITIRIBI
ANTIOQUIA,ITAGUI
ANTIOQUIA,SABANETA
antioquia,BELLO
ANTIOQUIA,BELLO
Antioquia,2
ANTIOQUIA,BELLO
Antioquia,ENVIGADO
ANTIOQUIA,BELLO
Antioquia,BELLO
Antioquia,ITAGUI
Antioquia,BELLO
ANTIOQUIA,ENVIGADO
Antioquia,BELLO
Antioquia,BELLO
Antioquia,BELLO
Antioquia,BELLO
Antioquia,MEDELLIN
Antioquia,ENVIGADO
Antioquia,BARBOSA
Antioquia,BELLO
ANTIOQUIA,BELLO